time,value,timestamp,range,voltage,direction,sequence
8.106231689453125e-06,10825000.0,2025-11-07 15:30:48.076983,2000000.0,50,#1,0
0.9121088981628418,10825000.0,2025-11-07 15:30:48.760535,2000000.0,50,#1,0
1.5954771041870117,10824280.0,2025-11-07 15:30:49.442923,2000000.0,50,#1,0
2.273345947265625,10824280.0,2025-11-07 15:30:50.114805,2000000.0,50,#1,0
2.9491190910339355,10824330.0,2025-11-07 15:30:50.797546,2000000.0,50,#1,0
3.6325368881225586,10824330.0,2025-11-07 15:30:51.479502,2000000.0,50,#1,0
4.313592910766602,10824220.0,2025-11-07 15:30:52.160243,2000000.0,50,#1,0
4.996079921722412,10824190.0,2025-11-07 15:30:52.842211,2000000.0,50,#1,0
5.677688837051392,10824220.0,2025-11-07 15:30:53.524156,2000000.0,50,#1,0
6.355417013168335,10824260.0,2025-11-07 15:30:54.189108,2000000.0,50,#1,0
7.022733926773071,10824370.0,2025-11-07 15:30:54.870111,2000000.0,50,#1,0
7.7049970626831055,10824410.0,2025-11-07 15:30:55.553440,2000000.0,50,#1,0
8.387002944946289,10824410.0,2025-11-07 15:30:56.236273,2000000.0,50,#1,0
9.06914496421814,10824420.0,2025-11-07 15:30:56.918971,2000000.0,50,#1,0
9.754040002822876,10824420.0,2025-11-07 15:30:57.602344,2000000.0,50,#1,0
10.435663938522339,10824610.0,2025-11-07 15:30:58.285093,2000000.0,50,#1,0
11.120857000350952,10824020.0,2025-11-07 15:30:58.967862,2000000.0,50,#1,0
11.802781105041504,10824760.0,2025-11-07 15:30:59.651237,2000000.0,50,#1,0
12.484139204025269,10824010.0,2025-11-07 15:31:00.333119,2000000.0,50,#1,0
13.168301820755005,10824410.0,2025-11-07 15:31:01.015797,2000000.0,50,#1,0
13.849318981170654,10824410.0,2025-11-07 15:31:01.698393,2000000.0,50,#1,0
14.53050708770752,10824410.0,2025-11-07 15:31:02.373726,2000000.0,50,#1,0
15.202574014663696,10824420.0,2025-11-07 15:31:03.048653,2000000.0,50,#1,0
15.887034893035889,10824410.0,2025-11-07 15:31:03.729642,2000000.0,50,#1,0
16.560220956802368,10824420.0,2025-11-07 15:31:04.399910,2000000.0,50,#1,0
17.23109793663025,10824440.0,2025-11-07 15:31:05.065640,2000000.0,50,#1,0
17.904371976852417,10824440.0,2025-11-07 15:31:05.749316,2000000.0,50,#1,0
18.586575984954834,10824390.0,2025-11-07 15:31:06.432737,2000000.0,50,#1,0
19.271951913833618,10824390.0,2025-11-07 15:31:07.123110,2000000.0,50,#1,0
19.960802793502808,10824400.0,2025-11-07 15:31:07.816508,2000000.0,50,#1,0
20.654156923294067,10824410.0,2025-11-07 15:31:08.489079,2000000.0,50,#1,0
21.327989101409912,10824410.0,2025-11-07 15:31:09.166761,2000000.0,50,#1,0
22.00741410255432,10824410.0,2025-11-07 15:31:09.852903,2000000.0,50,#1,0
22.684359073638916,10824440.0,2025-11-07 15:31:10.528024,2000000.0,50,#1,0
23.3787899017334,10824480.0,2025-11-07 15:31:11.219936,2000000.0,50,#1,0
24.051361083984375,10824540.0,2025-11-07 15:31:11.891708,2000000.0,50,#1,0
24.720916986465454,10824540.0,2025-11-07 15:31:12.573474,2000000.0,50,#1,0
25.405925035476685,10824360.0,2025-11-07 15:31:13.243389,2000000.0,50,#1,0
26.074100017547607,10824360.0,2025-11-07 15:31:13.946321,2000000.0,50,#1,0
26.798065900802612,10824360.0,2025-11-07 15:31:14.639244,2000000.0,50,#1,0
27.4717378616333,10824360.0,2025-11-07 15:31:15.309245,2000000.0,50,#1,0
28.1408269405365,10824410.0,2025-11-07 15:31:15.981080,2000000.0,50,#1,0
28.832942962646484,10824430.0,2025-11-07 15:31:16.673044,2000000.0,50,#1,0
29.500269889831543,10824430.0,2025-11-07 15:31:17.346330,2000000.0,50,#1,0
30.177284002304077,10824460.0,2025-11-07 15:31:18.013095,2000000.0,50,#1,0
30.86744499206543,10824420.0,2025-11-07 15:31:18.705942,2000000.0,50,#1,0
31.533776998519897,10824400.0,2025-11-07 15:31:19.407711,2000000.0,50,#1,0
32.26160287857056,10823940.0,2025-11-07 15:31:20.100435,2000000.0,50,#1,0
32.930302143096924,10823790.0,2025-11-07 15:31:20.770072,2000000.0,50,#1,0
33.600383043289185,10823940.0,2025-11-07 15:31:21.452547,2000000.0,50,#1,0
34.2834677696228,10824450.0,2025-11-07 15:31:22.120198,2000000.0,50,#1,0
34.95168709754944,10824450.0,2025-11-07 15:31:22.831402,2000000.0,50,#1,0
35.66227388381958,10824450.0,2025-11-07 15:31:23.498938,2000000.0,50,#1,0
36.33035206794739,10825570.0,2025-11-07 15:31:24.167293,2000000.0,50,#1,0
36.99819493293762,10825570.0,2025-11-07 15:31:24.783642,,50,#1,0
42.56378698348999,10826510.0,2025-11-07 15:31:30.403104,2000000.0,50,#1,0
43.23349475860596,10828480.0,2025-11-07 15:31:31.072190,2000000.0,50,#1,0
43.925621032714844,10828480.0,2025-11-07 15:31:31.765618,2000000.0,50,#1,0
44.59774589538574,10824370.0,2025-11-07 15:31:32.436665,2000000.0,50,#1,0
45.26916313171387,10824370.0,2025-11-07 15:31:33.103467,2000000.0,50,#1,0
45.95791506767273,10824370.0,2025-11-07 15:31:33.795190,2000000.0,50,#1,0
46.624335050582886,10824320.0,2025-11-07 15:31:34.498901,2000000.0,50,#1,0
47.35409998893738,10824320.0,2025-11-07 15:31:35.190886,2000000.0,50,#1,0
48.02323317527771,10824400.0,2025-11-07 15:31:35.861842,2000000.0,50,#1,0
48.70276594161987,10824440.0,2025-11-07 15:31:36.554423,2000000.0,50,#1,0
49.384166955947876,10824450.0,2025-11-07 15:31:37.223715,2000000.0,50,#1,0
50.063552141189575,10824450.0,2025-11-07 15:31:37.846767,,50,#1,0
55.62418794631958,10824460.0,2025-11-07 15:31:43.461626,2000000.0,50,#1,0
56.30275893211365,10824470.0,2025-11-07 15:31:44.146175,2000000.0,50,#1,0
56.99783682823181,10824460.0,2025-11-07 15:31:44.838945,2000000.0,50,#1,0
57.670677185058594,10823750.0,2025-11-07 15:31:45.508875,2000000.0,50,#1,0
58.33958697319031,10823750.0,2025-11-07 15:31:46.174867,2000000.0,50,#1,0
59.02948594093323,10824850.0,2025-11-07 15:31:46.865860,2000000.0,50,#1,0
59.69571304321289,10824910.0,2025-11-07 15:31:47.569452,2000000.0,50,#1,0
4.76837158203125e-06,10823930.0,2025-11-07 15:31:55.897444,2000000.0,50,#2,1
0.6676170825958252,10823930.0,2025-11-07 15:31:56.600694,2000000.0,50,#2,1
1.3967828750610352,10823930.0,2025-11-07 15:31:57.293196,2000000.0,50,#2,1
2.0648088455200195,10824240.0,2025-11-07 15:31:57.964025,2000000.0,50,#2,1
2.735975980758667,10824530.0,2025-11-07 15:31:58.630652,2000000.0,50,#2,1
3.4244308471679688,10824620.0,2025-11-07 15:31:59.323642,2000000.0,50,#2,1
4.094385862350464,10824620.0,2025-11-07 15:31:59.947486,,50,#2,1
9.667991876602173,10824590.0,2025-11-07 15:32:05.567578,2000000.0,50,#2,1
10.335534811019897,10824740.0,2025-11-07 15:32:06.237608,2000000.0,50,#2,1
11.032136917114258,10824590.0,2025-11-07 15:32:06.928914,2000000.0,50,#2,1
11.701070785522461,10824940.0,2025-11-07 15:32:07.603916,2000000.0,50,#2,1
12.376479864120483,10824810.0,2025-11-07 15:32:08.277412,2000000.0,50,#2,1
13.071958780288696,10824810.0,2025-11-07 15:32:08.970048,2000000.0,50,#2,1
13.74001169204712,10824430.0,2025-11-07 15:32:09.640240,2000000.0,50,#2,1
14.411294937133789,10824430.0,2025-11-07 15:32:10.309367,2000000.0,50,#2,1
15.10168981552124,10824380.0,2025-11-07 15:32:11.001413,2000000.0,50,#2,1
15.774103879928589,10824380.0,2025-11-07 15:32:11.625299,,50,#2,1
21.344094038009644,10824980.0,2025-11-07 15:32:17.250234,2000000.0,50,#2,1
22.021113872528076,10824380.0,2025-11-07 15:32:17.924477,2000000.0,50,#2,1
22.71964979171753,10824920.0,2025-11-07 15:32:18.616336,2000000.0,50,#2,1
23.387934923171997,10824370.0,2025-11-07 15:32:19.290550,2000000.0,50,#2,1
24.062177658081055,10824020.0,2025-11-07 15:32:19.973262,2000000.0,50,#2,1
24.743984937667847,10824020.0,2025-11-07 15:32:20.642509,2000000.0,50,#2,1
25.412815809249878,10824200.0,2025-11-07 15:32:21.351285,2000000.0,50,#2,1
26.14485788345337,10824420.0,2025-11-07 15:32:22.044151,2000000.0,50,#2,1
26.815305948257446,10824420.0,2025-11-07 15:32:22.718517,2000000.0,50,#2,1
27.487791776657104,10824600.0,2025-11-07 15:32:23.401036,2000000.0,50,#2,1
28.173524856567383,10824600.0,2025-11-07 15:32:24.070314,2000000.0,50,#2,1
28.840697765350342,10824570.0,2025-11-07 15:32:24.781627,2000000.0,50,#2,1
29.574049711227417,10824470.0,2025-11-07 15:32:25.473303,2000000.0,50,#2,1
30.24471688270569,10824470.0,2025-11-07 15:32:26.143410,2000000.0,50,#2,1
30.91619300842285,10824280.0,2025-11-07 15:32:26.812046,2000000.0,50,#2,1
31.607077836990356,10824280.0,2025-11-07 15:32:27.504722,2000000.0,50,#2,1
32.274595737457275,10824400.0,2025-11-07 15:32:28.207565,2000000.0,50,#2,1
32.99991297721863,10824530.0,2025-11-07 15:32:28.901170,2000000.0,50,#2,1
33.67009997367859,10824560.0,2025-11-07 15:32:29.614816,2000000.0,50,#2,1
34.38574290275574,10824560.0,2025-11-07 15:32:30.285636,2000000.0,50,#2,1
35.05648183822632,10824500.0,2025-11-07 15:32:30.955061,2000000.0,50,#2,1
35.724339962005615,10824500.0,2025-11-07 15:32:31.567865,,50,#2,1
41.28927493095398,10824500.0,2025-11-07 15:32:37.185833,2000000.0,50,#2,1
41.95481491088867,10824500.0,2025-11-07 15:32:37.855971,2000000.0,50,#2,1
42.64784789085388,10824460.0,2025-11-07 15:32:38.548027,2000000.0,50,#2,1
43.32084679603577,10824460.0,2025-11-07 15:32:39.218152,2000000.0,50,#2,1
43.98675894737244,10824160.0,2025-11-07 15:32:39.889047,2000000.0,50,#2,1
44.684157848358154,10824160.0,2025-11-07 15:32:40.581795,2000000.0,50,#2,1
45.351725816726685,10824160.0,2025-11-07 15:32:41.252093,2000000.0,50,#2,1
46.024292945861816,10824610.0,2025-11-07 15:32:41.935421,2000000.0,50,#2,1
46.70644187927246,10824610.0,2025-11-07 15:32:42.604659,2000000.0,50,#2,1
47.37615180015564,10824610.0,2025-11-07 15:32:43.318259,2000000.0,50,#2,1
48.090680837631226,10824510.0,2025-11-07 15:32:43.988382,2000000.0,50,#2,1
48.75984787940979,10824670.0,2025-11-07 15:32:44.659386,2000000.0,50,#2,1
49.42945098876953,10824670.0,2025-11-07 15:32:45.328544,2000000.0,50,#2,1
50.12254786491394,10824670.0,2025-11-07 15:32:46.021340,2000000.0,50,#2,1
50.79095768928528,10820990.0,2025-11-07 15:32:46.691380,2000000.0,50,#2,1
51.463438749313354,10820990.0,2025-11-07 15:32:47.360644,2000000.0,50,#2,1
52.153987884521484,10823950.0,2025-11-07 15:32:48.053551,2000000.0,50,#2,1
52.83669185638428,10823950.0,2025-11-07 15:32:48.676544,,50,#2,1
58.39574193954468,10824390.0,2025-11-07 15:32:54.300996,2000000.0,50,#2,1
59.071709871292114,10824390.0,2025-11-07 15:32:54.970233,2000000.0,50,#2,1
59.763622760772705,10824390.0,2025-11-07 15:32:55.666152,2000000.0,50,#2,1
9.059906005859375e-06,10824460.0,2025-11-07 15:33:03.943101,2000000.0,50,#3,2
0.668828010559082,10824460.0,2025-11-07 15:33:04.612299,2000000.0,50,#3,2
1.3599960803985596,10824350.0,2025-11-07 15:33:05.305150,2000000.0,50,#3,2
2.028620958328247,10824350.0,2025-11-07 15:33:05.974187,2000000.0,50,#3,2
2.697404146194458,10824930.0,2025-11-07 15:33:06.641913,2000000.0,50,#3,2
3.38997220993042,10824930.0,2025-11-07 15:33:07.334471,2000000.0,50,#3,2
4.059450149536133,10824930.0,2025-11-07 15:33:07.958466,,50,#3,2
9.633288145065308,10824450.0,2025-11-07 15:33:13.580700,2000000.0,50,#3,2
10.305204153060913,10824210.0,2025-11-07 15:33:14.250858,2000000.0,50,#3,2
10.998085021972656,10824450.0,2025-11-07 15:33:14.943051,2000000.0,50,#3,2
11.667013168334961,10824510.0,2025-11-07 15:33:15.612045,2000000.0,50,#3,2
12.332880020141602,10824510.0,2025-11-07 15:33:16.281186,2000000.0,50,#3,2
13.027821063995361,10824420.0,2025-11-07 15:33:16.973916,2000000.0,50,#3,2
13.698559999465942,10824420.0,2025-11-07 15:33:17.597071,,50,#3,2
19.272303104400635,10824420.0,2025-11-07 15:33:23.216314,2000000.0,50,#3,2
19.941713094711304,10824410.0,2025-11-07 15:33:23.890554,2000000.0,50,#3,2
20.637543201446533,10824440.0,2025-11-07 15:33:24.598493,2000000.0,50,#3,2
21.324480056762695,10824440.0,2025-11-07 15:33:25.222064,,50,#3,2
26.895610094070435,,2025-11-07 15:33:35.736368,2000000.0,50,#3,2
32.46085715293884,10824410.0,2025-11-07 15:33:36.407488,2000000.0,50,#3,2
33.13244819641113,10824440.0,2025-11-07 15:33:37.078384,2000000.0,50,#3,2
33.800097942352295,10824400.0,2025-11-07 15:33:37.749069,2000000.0,50,#3,2
34.49699807167053,10824520.0,2025-11-07 15:33:38.440256,2000000.0,50,#3,2
35.16441011428833,10824620.0,2025-11-07 15:33:39.110413,2000000.0,50,#3,2
35.83033013343811,10824620.0,2025-11-07 15:33:39.780424,2000000.0,50,#3,2
36.52449011802673,10824620.0,2025-11-07 15:33:40.473071,2000000.0,50,#3,2
37.19875121116638,10824620.0,2025-11-07 15:33:41.097991,,50,#3,2
42.77200508117676,10823930.0,2025-11-07 15:33:46.717294,2000000.0,50,#3,2
43.442949056625366,10824630.0,2025-11-07 15:33:47.392487,2000000.0,50,#3,2
44.13750696182251,10824210.0,2025-11-07 15:33:48.084381,2000000.0,50,#3,2
44.8063280582428,10824550.0,2025-11-07 15:33:48.754408,2000000.0,50,#3,2
45.475353956222534,10824550.0,2025-11-07 15:33:49.422748,2000000.0,50,#3,2
46.167309045791626,10824560.0,2025-11-07 15:33:50.114807,2000000.0,50,#3,2
46.83890509605408,10824560.0,2025-11-07 15:33:50.738612,,50,#3,2
52.410412073135376,10824560.0,2025-11-07 15:33:56.357774,2000000.0,50,#3,2
53.08303713798523,10824520.0,2025-11-07 15:33:57.029682,2000000.0,50,#3,2
53.77671217918396,10824500.0,2025-11-07 15:33:57.721474,2000000.0,50,#3,2
54.44661903381348,10824500.0,2025-11-07 15:33:58.392452,2000000.0,50,#3,2
55.11697816848755,10824500.0,2025-11-07 15:33:59.061876,2000000.0,50,#3,2
55.81036996841431,10824450.0,2025-11-07 15:33:59.754480,2000000.0,50,#3,2
56.47634696960449,10824450.0,2025-11-07 15:34:00.376787,,50,#3,2
5.0067901611328125e-06,10824480.0,2025-11-07 15:34:13.622310,2000000.0,50,#4,3
0.6780810356140137,10824480.0,2025-11-07 15:34:14.300757,2000000.0,50,#4,3
1.3572170734405518,10824440.0,2025-11-07 15:34:14.969426,2000000.0,50,#4,3
2.025099992752075,10824440.0,2025-11-07 15:34:15.637771,2000000.0,50,#4,3
2.7037041187286377,10824360.0,2025-11-07 15:34:16.327906,2000000.0,50,#4,3
3.4059319496154785,10824450.0,2025-11-07 15:34:17.019299,2000000.0,50,#4,3
4.083723068237305,10824430.0,2025-11-07 15:34:17.736813,2000000.0,50,#4,3
4.815906047821045,10824430.0,2025-11-07 15:34:18.429785,2000000.0,50,#4,3
5.496556997299194,10824430.0,2025-11-07 15:34:19.145824,2000000.0,50,#4,3
6.220582008361816,10824350.0,2025-11-07 15:34:19.838605,2000000.0,50,#4,3
6.893773078918457,10824430.0,2025-11-07 15:34:20.508023,2000000.0,50,#4,3
7.563565015792847,10824430.0,2025-11-07 15:34:21.192331,2000000.0,50,#4,3
8.247375011444092,10824430.0,2025-11-07 15:34:21.865778,2000000.0,50,#4,3
8.921916961669922,10824430.0,2025-11-07 15:34:22.489695,,50,#4,3
14.491384029388428,,2025-11-07 15:34:33.000855,2000000.0,50,#4,3
20.06679916381836,10824480.0,2025-11-07 15:34:33.680644,2000000.0,50,#4,3
20.73525905609131,10824480.0,2025-11-07 15:34:34.351509,2000000.0,50,#4,3
21.404199838638306,10824480.0,2025-11-07 15:34:35.022309,2000000.0,50,#4,3
22.09727692604065,10824480.0,2025-11-07 15:34:35.714364,2000000.0,50,#4,3
22.770832061767578,10824440.0,2025-11-07 15:34:36.384409,2000000.0,50,#4,3
23.43973183631897,10824480.0,2025-11-07 15:34:37.053522,2000000.0,50,#4,3
24.13073706626892,10824480.0,2025-11-07 15:34:37.746148,2000000.0,50,#4,3
24.800163984298706,10824480.0,2025-11-07 15:34:38.369972,,50,#4,3
30.376752138137817,10824480.0,2025-11-07 15:34:43.994068,2000000.0,50,#4,3
31.049224853515625,10824480.0,2025-11-07 15:34:44.669440,2000000.0,50,#4,3
31.74554204940796,10824480.0,2025-11-07 15:34:45.360336,2000000.0,50,#4,3
32.4175181388855,10824440.0,2025-11-07 15:34:46.030558,2000000.0,50,#4,3
33.08342385292053,10824460.0,2025-11-07 15:34:46.699653,2000000.0,50,#4,3
33.77756214141846,10824460.0,2025-11-07 15:34:47.390830,2000000.0,50,#4,3
34.448238134384155,10824460.0,2025-11-07 15:34:48.060878,2000000.0,50,#4,3
35.116169929504395,10824490.0,2025-11-07 15:34:48.730182,2000000.0,50,#4,3
35.80719208717346,10824510.0,2025-11-07 15:34:49.421876,2000000.0,50,#4,3
36.47859001159668,10824520.0,2025-11-07 15:34:50.092955,2000000.0,50,#4,3
37.148892879486084,10824520.0,2025-11-07 15:34:50.765562,2000000.0,50,#4,3
37.844242811203,10824520.0,2025-11-07 15:34:51.457604,2000000.0,50,#4,3
38.50958800315857,10824520.0,2025-11-07 15:34:52.080533,,50,#4,3
44.07989192008972,10824530.0,2025-11-07 15:34:57.693707,2000000.0,50,#4,3
44.74560499191284,10824540.0,2025-11-07 15:34:58.371481,2000000.0,50,#4,3
45.45079803466797,10824530.0,2025-11-07 15:34:59.063290,2000000.0,50,#4,3
46.1173300743103,10824350.0,2025-11-07 15:34:59.734233,2000000.0,50,#4,3
46.800129890441895,10823730.0,2025-11-07 15:35:00.426096,2000000.0,50,#4,3
47.48037385940552,10823730.0,2025-11-07 15:35:01.099619,2000000.0,50,#4,3
48.15574097633362,10823730.0,2025-11-07 15:35:01.711579,,50,#4,3
53.71484303474426,10824200.0,2025-11-07 15:35:07.334010,2000000.0,50,#4,3
54.38893795013428,10824560.0,2025-11-07 15:35:08.007472,2000000.0,50,#4,3
55.08807396888733,10824560.0,2025-11-07 15:35:08.701347,2000000.0,50,#4,3
55.75459814071655,10824300.0,2025-11-07 15:35:09.372130,2000000.0,50,#4,3
56.42705512046814,10824300.0,2025-11-07 15:35:10.041352,2000000.0,50,#4,3
57.121232986450195,10824350.0,2025-11-07 15:35:10.734170,2000000.0,50,#4,3
57.78971481323242,10824350.0,2025-11-07 15:35:11.357843,,50,#4,3
7.867813110351562e-06,10825020.0,2025-11-07 15:35:24.604411,2000000.0,50,#5,4
0.6944351196289062,10825020.0,2025-11-07 15:35:25.291098,2000000.0,50,#5,4
1.4053089618682861,10823090.0,2025-11-07 15:35:25.983964,2000000.0,50,#5,4
2.0741710662841797,10823090.0,2025-11-07 15:35:26.607206,,50,#5,4
7.648355960845947,10823090.0,2025-11-07 15:35:32.226358,2000000.0,50,#5,4
8.314311027526855,10824360.0,2025-11-07 15:35:32.897360,2000000.0,50,#5,4
9.011473178863525,10824450.0,2025-11-07 15:35:33.589206,2000000.0,50,#5,4
9.676709175109863,10824450.0,2025-11-07 15:35:34.263720,2000000.0,50,#5,4
10.353736877441406,10824450.0,2025-11-07 15:35:34.947347,2000000.0,50,#5,4
11.036966800689697,10824420.0,2025-11-07 15:35:35.616295,2000000.0,50,#5,4
11.707266092300415,10824620.0,2025-11-07 15:35:36.327690,2000000.0,50,#5,4
12.420154094696045,10824620.0,2025-11-07 15:35:36.997603,2000000.0,50,#5,4
13.086735010147095,10824620.0,2025-11-07 15:35:37.668485,2000000.0,50,#5,4
13.757591009140015,10824900.0,2025-11-07 15:35:38.337912,2000000.0,50,#5,4
14.450257778167725,10825220.0,2025-11-07 15:35:39.030756,2000000.0,50,#5,4
15.119562864303589,10825220.0,2025-11-07 15:35:39.701519,2000000.0,50,#5,4
15.791002035140991,10824590.0,2025-11-07 15:35:40.370709,2000000.0,50,#5,4
16.484712839126587,10824570.0,2025-11-07 15:35:41.063537,2000000.0,50,#5,4
17.150558948516846,10824540.0,2025-11-07 15:35:41.765521,2000000.0,50,#5,4
17.879739999771118,10824540.0,2025-11-07 15:35:42.458247,2000000.0,50,#5,4
18.548896074295044,10824520.0,2025-11-07 15:35:43.132886,2000000.0,50,#5,4
19.230279207229614,10824520.0,2025-11-07 15:35:43.821837,2000000.0,50,#5,4
19.912058115005493,10824480.0,2025-11-07 15:35:44.491259,2000000.0,50,#5,4
20.58219313621521,10824480.0,2025-11-07 15:35:45.114387,,50,#5,4
26.150535821914673,10824480.0,2025-11-07 15:35:50.736906,2000000.0,50,#5,4
26.82681894302368,10824240.0,2025-11-07 15:35:51.422979,2000000.0,50,#5,4
27.535861015319824,10824240.0,2025-11-07 15:35:52.115881,2000000.0,50,#5,4
28.205651998519897,10824240.0,2025-11-07 15:35:52.738927,,50,#5,4
33.775490045547485,10824370.0,2025-11-07 15:35:58.362285,2000000.0,50,#5,4
34.453567028045654,10824370.0,2025-11-07 15:35:59.037426,2000000.0,50,#5,4
35.15137791633606,10824600.0,2025-11-07 15:35:59.730079,2000000.0,50,#5,4
35.81937503814697,10824600.0,2025-11-07 15:36:00.400083,2000000.0,50,#5,4
36.48965287208557,10824600.0,2025-11-07 15:36:01.069474,2000000.0,50,#5,4
37.18342089653015,10823650.0,2025-11-07 15:36:01.761268,2000000.0,50,#5,4
37.85261511802673,10823650.0,2025-11-07 15:36:02.385214,,50,#5,4
43.422698974609375,10823650.0,2025-11-07 15:36:08.004267,2000000.0,50,#5,4
44.090564012527466,10823650.0,2025-11-07 15:36:08.679484,2000000.0,50,#5,4
44.790045976638794,10823950.0,2025-11-07 15:36:09.371349,2000000.0,50,#5,4
45.46202802658081,10823940.0,2025-11-07 15:36:10.042243,2000000.0,50,#5,4
46.12817096710205,10823950.0,2025-11-07 15:36:10.710760,2000000.0,50,#5,4
46.82345795631409,10824190.0,2025-11-07 15:36:11.404250,2000000.0,50,#5,4
47.494377851486206,10824190.0,2025-11-07 15:36:12.028234,,50,#5,4
53.06650900840759,10824260.0,2025-11-07 15:36:17.649237,2000000.0,50,#5,4
53.73910593986511,10824410.0,2025-11-07 15:36:18.318367,2000000.0,50,#5,4
54.43261003494263,10824470.0,2025-11-07 15:36:19.011968,2000000.0,50,#5,4
55.10346007347107,10824480.0,2025-11-07 15:36:19.681917,2000000.0,50,#5,4
55.77130889892578,10824490.0,2025-11-07 15:36:20.352843,2000000.0,50,#5,4
56.46622109413147,10824490.0,2025-11-07 15:36:21.045668,2000000.0,50,#5,4
57.14833188056946,10824390.0,2025-11-07 15:36:21.762817,2000000.0,50,#5,4
57.87354803085327,10824390.0,2025-11-07 15:36:22.454731,2000000.0,50,#5,4
58.546364068984985,10824430.0,2025-11-07 15:36:23.125709,2000000.0,50,#5,4
59.22607684135437,10824460.0,2025-11-07 15:36:23.819123,2000000.0,50,#5,4
59.90821599960327,10824540.0,2025-11-07 15:36:24.492643,2000000.0,50,#5,4
